-- MySQL dump 10.13  Distrib 5.7.17, for Win64 (x86_64)
--
-- Host: 127.0.0.1    Database: transaction
-- ------------------------------------------------------
-- Server version	5.7.21-log

/*!40101 SET @OLD_CHARACTER_SET_CLIENT=@@CHARACTER_SET_CLIENT */;
/*!40101 SET @OLD_CHARACTER_SET_RESULTS=@@CHARACTER_SET_RESULTS */;
/*!40101 SET @OLD_COLLATION_CONNECTION=@@COLLATION_CONNECTION */;
/*!40101 SET NAMES utf8 */;
/*!40103 SET @OLD_TIME_ZONE=@@TIME_ZONE */;
/*!40103 SET TIME_ZONE='+00:00' */;
/*!40014 SET @OLD_UNIQUE_CHECKS=@@UNIQUE_CHECKS, UNIQUE_CHECKS=0 */;
/*!40014 SET @OLD_FOREIGN_KEY_CHECKS=@@FOREIGN_KEY_CHECKS, FOREIGN_KEY_CHECKS=0 */;
/*!40101 SET @OLD_SQL_MODE=@@SQL_MODE, SQL_MODE='NO_AUTO_VALUE_ON_ZERO' */;
/*!40111 SET @OLD_SQL_NOTES=@@SQL_NOTES, SQL_NOTES=0 */;

--
-- Table structure for table `dayrunning`
--

DROP TABLE IF EXISTS `dayrunning`;
/*!40101 SET @saved_cs_client     = @@character_set_client */;
/*!40101 SET character_set_client = utf8 */;
CREATE TABLE `dayrunning` (
  `idGameLogin` int(11) NOT NULL,
  `idProducer` int(11) NOT NULL,
  `idProduct` int(11) NOT NULL,
  `date` int(11) NOT NULL,
  `beginInventory` int(11) NOT NULL,
  `sellValue` int(11) NOT NULL,
  `dayInventory` int(11) NOT NULL,
  `restockValue` int(11) NOT NULL,
  `emergencyValue` int(11) NOT NULL,
  PRIMARY KEY (`idGameLogin`,`date`,`idProduct`,`idProducer`)
) ENGINE=InnoDB DEFAULT CHARSET=utf8;
/*!40101 SET character_set_client = @saved_cs_client */;

--
-- Dumping data for table `dayrunning`
--

LOCK TABLES `dayrunning` WRITE;
/*!40000 ALTER TABLE `dayrunning` DISABLE KEYS */;
/*!40000 ALTER TABLE `dayrunning` ENABLE KEYS */;
UNLOCK TABLES;

--
-- Table structure for table `gamelogin`
--

DROP TABLE IF EXISTS `gamelogin`;
/*!40101 SET @saved_cs_client     = @@character_set_client */;
/*!40101 SET character_set_client = utf8 */;
CREATE TABLE `gamelogin` (
  `idGameLogin` int(11) NOT NULL AUTO_INCREMENT,
  `stuId` int(11) NOT NULL,
  `name` varchar(45) NOT NULL,
  `totalRevenue` int(11) NOT NULL,
  `totalRent` int(11) NOT NULL,
  `totalRestock` int(11) NOT NULL,
  `totalEmergency` int(11) NOT NULL,
  PRIMARY KEY (`idGameLogin`)
) ENGINE=InnoDB AUTO_INCREMENT=9 DEFAULT CHARSET=utf8;
/*!40101 SET character_set_client = @saved_cs_client */;

--
-- Dumping data for table `gamelogin`
--

LOCK TABLES `gamelogin` WRITE;
/*!40000 ALTER TABLE `gamelogin` DISABLE KEYS */;
/*!40000 ALTER TABLE `gamelogin` ENABLE KEYS */;
UNLOCK TABLES;

--
-- Table structure for table `monthparameter`
--

DROP TABLE IF EXISTS `monthparameter`;
/*!40101 SET @saved_cs_client     = @@character_set_client */;
/*!40101 SET character_set_client = utf8 */;
CREATE TABLE `monthparameter` (
  `idGameLogin` int(11) NOT NULL,
  `month` int(11) NOT NULL,
  `idProducer` int(11) NOT NULL,
  `idProduct` int(11) NOT NULL,
  `rentQuantity` int(11) NOT NULL,
  `restockDay` int(11) NOT NULL,
  PRIMARY KEY (`idGameLogin`,`month`,`idProducer`,`idProduct`)
) ENGINE=InnoDB DEFAULT CHARSET=utf8;
/*!40101 SET character_set_client = @saved_cs_client */;

--
-- Dumping data for table `monthparameter`
--

LOCK TABLES `monthparameter` WRITE;
/*!40000 ALTER TABLE `monthparameter` DISABLE KEYS */;
/*!40000 ALTER TABLE `monthparameter` ENABLE KEYS */;
UNLOCK TABLES;

--
-- Table structure for table `monthresult`
--

DROP TABLE IF EXISTS `monthresult`;
/*!40101 SET @saved_cs_client     = @@character_set_client */;
/*!40101 SET character_set_client = utf8 */;
CREATE TABLE `monthresult` (
  `idGameLogin` int(11) NOT NULL,
  `month` int(11) NOT NULL,
  `idProducer` int(11) NOT NULL,
  `idProduct` int(11) NOT NULL,
  `monthRevenue` int(11) DEFAULT NULL,
  `monthRent` int(11) DEFAULT NULL,
  `monthRestock` int(11) DEFAULT NULL,
  `monthEmergency` int(11) DEFAULT NULL,
  PRIMARY KEY (`idGameLogin`,`month`,`idProducer`,`idProduct`)
) ENGINE=InnoDB DEFAULT CHARSET=utf8;
/*!40101 SET character_set_client = @saved_cs_client */;

--
-- Dumping data for table `monthresult`
--

LOCK TABLES `monthresult` WRITE;
/*!40000 ALTER TABLE `monthresult` DISABLE KEYS */;
/*!40000 ALTER TABLE `monthresult` ENABLE KEYS */;
UNLOCK TABLES;
/*!40103 SET TIME_ZONE=@OLD_TIME_ZONE */;

/*!40101 SET SQL_MODE=@OLD_SQL_MODE */;
/*!40014 SET FOREIGN_KEY_CHECKS=@OLD_FOREIGN_KEY_CHECKS */;
/*!40014 SET UNIQUE_CHECKS=@OLD_UNIQUE_CHECKS */;
/*!40101 SET CHARACTER_SET_CLIENT=@OLD_CHARACTER_SET_CLIENT */;
/*!40101 SET CHARACTER_SET_RESULTS=@OLD_CHARACTER_SET_RESULTS */;
/*!40101 SET COLLATION_CONNECTION=@OLD_COLLATION_CONNECTION */;
/*!40111 SET SQL_NOTES=@OLD_SQL_NOTES */;

-- Dump completed on 2020-12-15 22:21:55
-- MySQL dump 10.13  Distrib 5.7.17, for Win64 (x86_64)
--
-- Host: 127.0.0.1    Database: consult
-- ------------------------------------------------------
-- Server version	5.7.21-log

/*!40101 SET @OLD_CHARACTER_SET_CLIENT=@@CHARACTER_SET_CLIENT */;
/*!40101 SET @OLD_CHARACTER_SET_RESULTS=@@CHARACTER_SET_RESULTS */;
/*!40101 SET @OLD_COLLATION_CONNECTION=@@COLLATION_CONNECTION */;
/*!40101 SET NAMES utf8 */;
/*!40103 SET @OLD_TIME_ZONE=@@TIME_ZONE */;
/*!40103 SET TIME_ZONE='+00:00' */;
/*!40014 SET @OLD_UNIQUE_CHECKS=@@UNIQUE_CHECKS, UNIQUE_CHECKS=0 */;
/*!40014 SET @OLD_FOREIGN_KEY_CHECKS=@@FOREIGN_KEY_CHECKS, FOREIGN_KEY_CHECKS=0 */;
/*!40101 SET @OLD_SQL_MODE=@@SQL_MODE, SQL_MODE='NO_AUTO_VALUE_ON_ZERO' */;
/*!40111 SET @OLD_SQL_NOTES=@@SQL_NOTES, SQL_NOTES=0 */;

--
-- Table structure for table `comparedate`
--

DROP TABLE IF EXISTS `comparedate`;
/*!40101 SET @saved_cs_client     = @@character_set_client */;
/*!40101 SET character_set_client = utf8 */;
CREATE TABLE `comparedate` (
  `date` int(11) NOT NULL,
  `month` int(11) NOT NULL,
  `week` int(11) NOT NULL,
  PRIMARY KEY (`date`)
) ENGINE=InnoDB DEFAULT CHARSET=utf8;
/*!40101 SET character_set_client = @saved_cs_client */;

--
-- Dumping data for table `comparedate`
--

LOCK TABLES `comparedate` WRITE;
/*!40000 ALTER TABLE `comparedate` DISABLE KEYS */;
INSERT INTO `comparedate` VALUES (1,1,0),(2,1,1),(3,1,2),(4,1,3),(5,1,4),(6,1,5),(7,1,6),(8,1,0),(9,1,1),(10,1,2),(11,1,3),(12,1,4),(13,1,5),(14,1,6),(15,1,0),(16,1,1),(17,1,2),(18,1,3),(19,1,4),(20,1,5),(21,1,6),(22,1,0),(23,1,1),(24,1,2),(25,1,3),(26,1,4),(27,1,5),(28,1,6),(29,1,0),(30,1,1),(31,2,2),(32,2,3),(33,2,4),(34,2,5),(35,2,6),(36,2,0),(37,2,1),(38,2,2),(39,2,3),(40,2,4),(41,2,5),(42,2,6),(43,2,0),(44,2,1),(45,2,2),(46,2,3),(47,2,4),(48,2,5),(49,2,6),(50,2,0),(51,2,1),(52,2,2),(53,2,3),(54,2,4),(55,2,5),(56,2,6),(57,2,0),(58,2,1),(59,2,2),(60,2,3),(61,3,4),(62,3,5),(63,3,6),(64,3,0),(65,3,1),(66,3,2),(67,3,3),(68,3,4),(69,3,5),(70,3,6),(71,3,0),(72,3,1),(73,3,2),(74,3,3),(75,3,4),(76,3,5),(77,3,6),(78,3,0),(79,3,1),(80,3,2),(81,3,3),(82,3,4),(83,3,5),(84,3,6),(85,3,0),(86,3,1),(87,3,2),(88,3,3),(89,3,4),(90,3,5),(91,4,6),(92,4,0),(93,4,1),(94,4,2),(95,4,3),(96,4,4),(97,4,5),(98,4,6),(99,4,0),(100,4,1),(101,4,2),(102,4,3),(103,4,4),(104,4,5),(105,4,6),(106,4,0),(107,4,1),(108,4,2),(109,4,3),(110,4,4),(111,4,5),(112,4,6),(113,4,0),(114,4,1),(115,4,2),(116,4,3),(117,4,4),(118,4,5),(119,4,6),(120,4,0),(121,5,1),(122,5,2),(123,5,3),(124,5,4),(125,5,5),(126,5,6),(127,5,0),(128,5,1),(129,5,2),(130,5,3),(131,5,4),(132,5,5),(133,5,6),(134,5,0),(135,5,1),(136,5,2),(137,5,3),(138,5,4),(139,5,5),(140,5,6),(141,5,0),(142,5,1),(143,5,2),(144,5,3),(145,5,4),(146,5,5),(147,5,6),(148,5,0),(149,5,1),(150,5,2),(151,6,3),(152,6,4),(153,6,5),(154,6,6),(155,6,0),(156,6,1),(157,6,2),(158,6,3),(159,6,4),(160,6,5),(161,6,6),(162,6,0),(163,6,1),(164,6,2),(165,6,3),(166,6,4),(167,6,5),(168,6,6),(169,6,0),(170,6,1),(171,6,2),(172,6,3),(173,6,4),(174,6,5),(175,6,6),(176,6,0),(177,6,1),(178,6,2),(179,6,3),(180,6,4),(181,7,5),(182,7,6),(183,7,0),(184,7,1),(185,7,2),(186,7,3),(187,7,4),(188,7,5),(189,7,6),(190,7,0),(191,7,1),(192,7,2),(193,7,3),(194,7,4),(195,7,5),(196,7,6),(197,7,0),(198,7,1),(199,7,2),(200,7,3),(201,7,4),(202,7,5),(203,7,6),(204,7,0),(205,7,1),(206,7,2),(207,7,3),(208,7,4),(209,7,5),(210,7,6),(211,8,0),(212,8,1),(213,8,2),(214,8,3),(215,8,4),(216,8,5),(217,8,6),(218,8,0),(219,8,1),(220,8,2),(221,8,3),(222,8,4),(223,8,5),(224,8,6),(225,8,0),(226,8,1),(227,8,2),(228,8,3),(229,8,4),(230,8,5),(231,8,6),(232,8,0),(233,8,1),(234,8,2),(235,8,3),(236,8,4),(237,8,5),(238,8,6),(239,8,0),(240,8,1),(241,9,2),(242,9,3),(243,9,4),(244,9,5),(245,9,6),(246,9,0),(247,9,1),(248,9,2),(249,9,3),(250,9,4),(251,9,5),(252,9,6),(253,9,0),(254,9,1),(255,9,2),(256,9,3),(257,9,4),(258,9,5),(259,9,6),(260,9,0),(261,9,1),(262,9,2),(263,9,3),(264,9,4),(265,9,5),(266,9,6),(267,9,0),(268,9,1),(269,9,2),(270,9,3),(271,10,4),(272,10,5),(273,10,6),(274,10,0),(275,10,1),(276,10,2),(277,10,3),(278,10,4),(279,10,5),(280,10,6),(281,10,0),(282,10,1),(283,10,2),(284,10,3),(285,10,4),(286,10,5),(287,10,6),(288,10,0),(289,10,1),(290,10,2),(291,10,3),(292,10,4),(293,10,5),(294,10,6),(295,10,0),(296,10,1),(297,10,2),(298,10,3),(299,10,4),(300,10,5),(301,11,6),(302,11,0),(303,11,1),(304,11,2),(305,11,3),(306,11,4),(307,11,5),(308,11,6),(309,11,0),(310,11,1),(311,11,2),(312,11,3),(313,11,4),(314,11,5),(315,11,6),(316,11,0),(317,11,1),(318,11,2),(319,11,3),(320,11,4),(321,11,5),(322,11,6),(323,11,0),(324,11,1),(325,11,2),(326,11,3),(327,11,4),(328,11,5),(329,11,6),(330,11,0),(331,12,1),(332,12,2),(333,12,3),(334,12,4),(335,12,5),(336,12,6),(337,12,0),(338,12,1),(339,12,2),(340,12,3),(341,12,4),(342,12,5),(343,12,6),(344,12,0),(345,12,1),(346,12,2),(347,12,3),(348,12,4),(349,12,5),(350,12,6),(351,12,0),(352,12,1),(353,12,2),(354,12,3),(355,12,4),(356,12,5),(357,12,6),(358,12,0),(359,12,1),(360,12,2);
/*!40000 ALTER TABLE `comparedate` ENABLE KEYS */;
UNLOCK TABLES;

--
-- Table structure for table `parameter`
--

DROP TABLE IF EXISTS `parameter`;
/*!40101 SET @saved_cs_client     = @@character_set_client */;
/*!40101 SET character_set_client = utf8 */;
CREATE TABLE `parameter` (
  `parameter` varchar(45) NOT NULL,
  `value` varchar(45) NOT NULL,
  PRIMARY KEY (`parameter`)
) ENGINE=InnoDB DEFAULT CHARSET=utf8;
/*!40101 SET character_set_client = @saved_cs_client */;

--
-- Dumping data for table `parameter`
--

LOCK TABLES `parameter` WRITE;
/*!40000 ALTER TABLE `parameter` DISABLE KEYS */;
INSERT INTO `parameter` VALUES ('dividendPercent','0.3'),('emergencyPrice','5000'),('rentPrice','5000'),('restockPrice','5000'),('serviceIncome','1000');
/*!40000 ALTER TABLE `parameter` ENABLE KEYS */;
UNLOCK TABLES;

--
-- Table structure for table `producer`
--

DROP TABLE IF EXISTS `producer`;
/*!40101 SET @saved_cs_client     = @@character_set_client */;
/*!40101 SET character_set_client = utf8 */;
CREATE TABLE `producer` (
  `idProducer` int(11) NOT NULL,
  `producerName` varchar(45) NOT NULL,
  PRIMARY KEY (`idProducer`)
) ENGINE=InnoDB DEFAULT CHARSET=utf8;
/*!40101 SET character_set_client = @saved_cs_client */;

--
-- Dumping data for table `producer`
--

LOCK TABLES `producer` WRITE;
/*!40000 ALTER TABLE `producer` DISABLE KEYS */;
INSERT INTO `producer` VALUES (1,'北蓋'),(2,'中通'),(3,'南生');
/*!40000 ALTER TABLE `producer` ENABLE KEYS */;
UNLOCK TABLES;

--
-- Table structure for table `product`
--

DROP TABLE IF EXISTS `product`;
/*!40101 SET @saved_cs_client     = @@character_set_client */;
/*!40101 SET character_set_client = utf8 */;
CREATE TABLE `product` (
  `idProduct` int(11) NOT NULL,
  `productName` varchar(45) NOT NULL,
  PRIMARY KEY (`idProduct`)
) ENGINE=InnoDB DEFAULT CHARSET=utf8;
/*!40101 SET character_set_client = @saved_cs_client */;

--
-- Dumping data for table `product`
--

LOCK TABLES `product` WRITE;
/*!40000 ALTER TABLE `product` DISABLE KEYS */;
INSERT INTO `product` VALUES (1,'IV'),(2,'VV'),(3,'CVV');
/*!40000 ALTER TABLE `product` ENABLE KEYS */;
UNLOCK TABLES;

--
-- Table structure for table `sellrecord`
--

DROP TABLE IF EXISTS `sellrecord`;
/*!40101 SET @saved_cs_client     = @@character_set_client */;
/*!40101 SET character_set_client = utf8 */;
CREATE TABLE `sellrecord` (
  `date` int(11) NOT NULL,
  `idProducer` int(11) NOT NULL,
  `idProduct` int(11) NOT NULL,
  `sellValue` int(11) DEFAULT NULL,
  PRIMARY KEY (`date`,`idProducer`,`idProduct`)
) ENGINE=InnoDB DEFAULT CHARSET=utf8;
/*!40101 SET character_set_client = @saved_cs_client */;

--
-- Dumping data for table `sellrecord`
--

LOCK TABLES `sellrecord` WRITE;
/*!40000 ALTER TABLE `sellrecord` DISABLE KEYS */;
INSERT INTO `sellrecord` VALUES (1,1,1,86),(1,1,2,66),(1,1,3,94),(1,2,1,86),(1,2,2,76),(1,2,3,87),(1,3,1,83),(1,3,2,73),(1,3,3,84),(2,1,1,109),(2,1,2,85),(2,1,3,110),(2,2,1,120),(2,2,2,97),(2,2,3,112),(2,3,1,106),(2,3,2,94),(2,3,3,98),(3,1,1,131),(3,1,2,135),(3,1,3,120),(3,2,1,126),(3,2,2,133),(3,2,3,120),(3,3,1,128),(3,3,2,130),(3,3,3,122),(4,1,1,100),(4,1,2,76),(4,1,3,104),(4,2,1,108),(4,2,2,88),(4,2,3,103),(4,3,1,97),(4,3,2,85),(4,3,3,92),(5,1,1,128),(5,1,2,138),(5,1,3,117),(5,2,1,117),(5,2,2,133),(5,2,3,114),(5,3,1,125),(5,3,2,130),(5,3,3,122),(6,1,1,92),(6,1,2,72),(6,1,3,98),(6,2,1,94),(6,2,2,82),(6,2,3,93),(6,3,1,89),(6,3,2,79),(6,3,3,88),(7,1,1,114),(7,1,2,122),(7,1,3,108),(7,2,1,100),(7,2,2,118),(7,2,3,101),(7,3,1,111),(7,3,2,115),(7,3,3,112),(8,1,1,96),(8,1,2,86),(8,1,3,99),(8,2,1,91),(8,2,2,91),(8,2,3,92),(8,3,1,93),(8,3,2,88),(8,3,3,94),(9,1,1,145),(9,1,2,157),(9,1,3,128),(9,2,1,138),(9,2,2,151),(9,2,3,130),(9,3,1,142),(9,3,2,148),(9,3,3,134),(10,1,1,113),(10,1,2,99),(10,1,3,111),(10,2,1,117),(10,2,2,106),(10,2,3,111),(10,3,1,110),(10,3,2,103),(10,3,3,104),(11,1,1,108),(11,1,2,92),(11,1,3,108),(11,2,1,112),(11,2,2,100),(11,2,3,107),(11,3,1,105),(11,3,2,97),(11,3,3,100),(12,1,1,124),(12,1,2,130),(12,1,3,115),(12,2,1,115),(12,2,2,127),(12,2,3,112),(12,3,1,121),(12,3,2,124),(12,3,3,118),(13,1,1,116),(13,1,2,120),(13,1,3,110),(13,2,1,106),(13,2,2,118),(13,2,3,105),(13,3,1,113),(13,3,2,115),(13,3,3,112),(14,1,1,112),(14,1,2,118),(14,1,3,107),(14,2,1,99),(14,2,2,115),(14,2,3,100),(14,3,1,109),(14,3,2,112),(14,3,3,110),(15,1,1,114),(15,1,2,122),(15,1,3,108),(15,2,1,100),(15,2,2,118),(15,2,3,101),(15,3,1,111),(15,3,2,115),(15,3,3,112),(16,1,1,115),(16,1,2,97),(16,1,3,113),(16,2,1,123),(16,2,2,106),(16,2,3,115),(16,3,1,112),(16,3,2,103),(16,3,3,104),(17,1,1,107),(17,1,2,87),(17,1,3,108),(17,2,1,114),(17,2,2,97),(17,2,3,108),(17,3,1,104),(17,3,2,94),(17,3,3,98),(18,1,1,122),(18,1,2,120),(18,1,3,115),(18,2,1,119),(18,2,2,121),(18,2,3,114),(18,3,1,119),(18,3,2,118),(18,3,3,114),(19,1,1,92),(19,1,2,66),(19,1,3,99),(19,2,1,99),(19,2,2,79),(19,2,3,96),(19,3,1,89),(19,3,2,76),(19,3,3,86),(20,1,1,114),(20,1,2,116),(20,1,3,109),(20,2,1,105),(20,2,2,115),(20,2,3,104),(20,3,1,111),(20,3,2,112),(20,3,3,110),(21,1,1,118),(21,1,2,130),(21,1,3,110),(21,2,1,102),(21,2,2,124),(21,2,3,103),(21,3,1,115),(21,3,2,121),(21,3,3,116),(22,1,1,106),(22,1,2,106),(22,1,3,104),(22,2,1,96),(22,2,2,106),(22,2,3,97),(22,3,1,103),(22,3,2,103),(22,3,3,104),(23,1,1,147),(23,1,2,161),(23,1,3,129),(23,2,1,139),(23,2,2,154),(23,2,3,131),(23,3,1,144),(23,3,2,151),(23,3,3,136),(24,1,1,127),(24,1,2,127),(24,1,3,118),(24,2,1,124),(24,2,2,127),(24,2,3,118),(24,3,1,124),(24,3,2,124),(24,3,3,118),(25,1,1,118),(25,1,2,112),(25,1,3,113),(25,2,1,117),(25,2,2,115),(25,2,3,112),(25,3,1,115),(25,3,2,112),(25,3,3,110),(26,1,1,96),(26,1,2,74),(26,1,3,101),(26,2,1,101),(26,2,2,85),(26,2,3,98),(26,3,1,93),(26,3,2,82),(26,3,3,90),(27,1,1,120),(27,1,2,128),(27,1,3,112),(27,2,1,108),(27,2,2,124),(27,2,3,107),(27,3,1,117),(27,3,2,121),(27,3,3,116),(28,1,1,90),(28,1,2,74),(28,1,3,96),(28,2,1,88),(28,2,2,82),(28,2,3,89),(28,3,1,87),(28,3,2,79),(28,3,3,88),(29,1,1,114),(29,1,2,122),(29,1,3,108),(29,2,1,100),(29,2,2,118),(29,2,3,101),(29,3,1,111),(29,3,2,115),(29,3,3,112),(30,1,1,131),(30,1,2,129),(30,1,3,121),(30,2,1,131),(30,2,2,130),(30,2,3,123),(30,3,1,128),(30,3,2,127),(30,3,3,120),(31,1,1,85),(31,1,2,73),(31,1,3,92),(31,2,1,98),(31,2,2,79),(31,2,3,97),(31,3,1,87),(31,3,2,81),(31,3,3,86),(32,1,1,96),(32,1,2,98),(32,1,3,97),(32,2,1,101),(32,2,2,97),(32,2,3,101),(32,3,1,98),(32,3,2,99),(32,3,3,98),(33,1,1,110),(33,1,2,132),(33,1,3,103),(33,2,1,103),(33,2,2,121),(33,2,3,105),(33,3,1,112),(33,3,2,123),(33,3,3,114),(34,1,1,104),(34,1,2,126),(34,1,3,99),(34,2,1,95),(34,2,2,115),(34,2,3,99),(34,3,1,106),(34,3,2,117),(34,3,3,110),(35,1,1,96),(35,1,2,116),(35,1,3,94),(35,2,1,86),(35,2,2,106),(35,2,3,92),(35,3,1,98),(35,3,2,108),(35,3,3,104),(36,1,1,74),(36,1,2,72),(36,1,3,83),(36,2,1,75),(36,2,2,73),(36,2,3,81),(36,3,1,76),(36,3,2,75),(36,3,3,82),(37,1,1,123),(37,1,2,143),(37,1,3,112),(37,2,1,122),(37,2,2,133),(37,2,3,119),(37,3,1,125),(37,3,2,135),(37,3,3,122),(38,1,1,97),(38,1,2,97),(38,1,3,98),(38,2,1,104),(38,2,2,97),(38,2,3,103),(38,3,1,99),(38,3,2,99),(38,3,3,98),(39,1,1,104),(39,1,2,114),(39,1,3,101),(39,2,1,105),(39,2,2,109),(39,2,3,105),(39,3,1,106),(39,3,2,111),(39,3,3,106),(40,1,1,90),(40,1,2,92),(40,1,3,93),(40,2,1,93),(40,2,2,91),(40,2,3,95),(40,3,1,92),(40,3,2,93),(40,3,3,94),(41,1,1,90),(41,1,2,98),(41,1,3,92),(41,2,1,88),(41,2,2,94),(41,2,3,92),(41,3,1,92),(41,3,2,96),(41,3,3,96),(42,1,1,96),(42,1,2,116),(42,1,3,94),(42,2,1,86),(42,2,2,106),(42,2,3,92),(42,3,1,98),(42,3,2,108),(42,3,3,104),(43,1,1,72),(43,1,2,68),(43,1,3,82),(43,2,1,74),(43,2,2,70),(43,2,3,80),(43,3,1,74),(43,3,2,72),(43,3,3,80),(44,1,1,103),(44,1,2,103),(44,1,3,102),(44,2,1,112),(44,2,2,103),(44,2,3,109),(44,3,1,105),(44,3,2,105),(44,3,3,102),(45,1,1,83),(45,1,2,69),(45,1,3,91),(45,2,1,97),(45,2,2,76),(45,2,3,96),(45,3,1,85),(45,3,2,78),(45,3,3,84),(46,1,1,92),(46,1,2,90),(46,1,3,95),(46,2,1,99),(46,2,2,91),(46,2,3,99),(46,3,1,94),(46,3,2,93),(46,3,3,94),(47,1,1,86),(47,1,2,84),(47,1,3,91),(47,2,1,91),(47,2,2,85),(47,2,3,93),(47,3,1,88),(47,3,2,87),(47,3,3,90),(48,1,1,68),(48,1,2,54),(48,1,3,81),(48,2,1,77),(48,2,2,61),(48,2,3,81),(48,3,1,70),(48,3,2,63),(48,3,3,74),(49,1,1,72),(49,1,2,68),(49,1,3,82),(49,2,1,74),(49,2,2,70),(49,2,3,80),(49,3,1,74),(49,3,2,72),(49,3,3,80),(50,1,1,70),(50,1,2,64),(50,1,3,81),(50,2,1,73),(50,2,2,67),(50,2,3,79),(50,3,1,72),(50,3,2,69),(50,3,3,78),(51,1,1,101),(51,1,2,99),(51,1,3,101),(51,2,1,111),(51,2,2,100),(51,2,3,108),(51,3,1,103),(51,3,2,102),(51,3,3,100),(52,1,1,111),(52,1,2,125),(52,1,3,105),(52,2,1,111),(52,2,2,118),(52,2,3,110),(52,3,1,113),(52,3,2,120),(52,3,3,112),(53,1,1,82),(53,1,2,70),(53,1,3,90),(53,2,1,94),(53,2,2,76),(53,2,3,94),(53,3,1,84),(53,3,2,78),(53,3,3,84),(54,1,1,110),(54,1,2,132),(54,1,3,103),(54,2,1,103),(54,2,2,121),(54,2,3,105),(54,3,1,112),(54,3,2,123),(54,3,3,114),(55,1,1,68),(55,1,2,54),(55,1,3,81),(55,2,1,77),(55,2,2,61),(55,2,3,81),(55,3,1,70),(55,3,2,63),(55,3,3,74),(56,1,1,86),(56,1,2,96),(56,1,3,89),(56,2,1,81),(56,2,2,91),(56,2,3,87),(56,3,1,88),(56,3,2,93),(56,3,3,94),(57,1,1,66),(57,1,2,56),(57,1,3,79),(57,2,1,71),(57,2,2,61),(57,2,3,77),(57,3,1,68),(57,3,2,63),(57,3,3,74),(58,1,1,89),(58,1,2,75),(58,1,3,95),(58,2,1,105),(58,2,2,82),(58,2,3,102),(58,3,1,91),(58,3,2,84),(58,3,3,88),(59,1,1,109),(59,1,2,121),(59,1,3,104),(59,2,1,110),(59,2,2,115),(59,2,3,109),(59,3,1,111),(59,3,2,117),(59,3,3,110),(60,1,1,94),(60,1,2,94),(60,1,3,96),(60,2,1,100),(60,2,2,94),(60,2,3,100),(60,3,1,96),(60,3,2,96),(60,3,3,96),(61,1,1,82),(61,1,2,76),(61,1,3,89),(61,2,1,89),(61,2,2,79),(61,2,3,91),(61,3,1,84),(61,3,2,81),(61,3,3,86),(62,1,1,98),(62,1,2,114),(62,1,3,96),(62,2,1,92),(62,2,2,106),(62,2,3,96),(62,3,1,100),(62,3,2,108),(62,3,3,104),(63,1,1,94),(63,1,2,112),(63,1,3,93),(63,2,1,85),(63,2,2,103),(63,2,3,91),(63,3,1,96),(63,3,2,105),(63,3,3,102),(64,1,1,70),(64,1,2,64),(64,1,3,81),(64,2,1,73),(64,2,2,67),(64,2,3,79),(64,3,1,72),(64,3,2,69),(64,3,3,78),(65,1,1,105),(65,1,2,107),(65,1,3,103),(65,2,1,113),(65,2,2,106),(65,2,3,110),(65,3,1,107),(65,3,2,108),(65,3,3,104),(66,1,1,115),(66,1,2,133),(66,1,3,107),(66,2,1,113),(66,2,2,124),(66,2,3,112),(66,3,1,117),(66,3,2,126),(66,3,3,116),(67,1,1,90),(67,1,2,86),(67,1,3,94),(67,2,1,98),(67,2,2,88),(67,2,3,98),(67,3,1,92),(67,3,2,90),(67,3,3,92),(68,1,1,84),(68,1,2,80),(68,1,3,90),(68,2,1,90),(68,2,2,82),(68,2,3,92),(68,3,1,86),(68,3,2,84),(68,3,3,88),(69,1,1,90),(69,1,2,98),(69,1,3,92),(69,2,1,88),(69,2,2,94),(69,2,3,92),(69,3,1,92),(69,3,2,96),(69,3,3,96),(70,1,1,74),(70,1,2,72),(70,1,3,83),(70,2,1,75),(70,2,2,73),(70,2,3,81),(70,3,1,76),(70,3,2,75),(70,3,3,82),(71,1,1,94),(71,1,2,112),(71,1,3,93),(71,2,1,85),(71,2,2,103),(71,2,3,91),(71,3,1,96),(71,3,2,105),(71,3,3,102),(72,1,1,121),(72,1,2,139),(72,1,3,111),(72,2,1,121),(72,2,2,130),(72,2,3,118),(72,3,1,123),(72,3,2,132),(72,3,3,120),(73,1,1,109),(73,1,2,121),(73,1,3,104),(73,2,1,110),(73,2,2,115),(73,2,3,109),(73,3,1,111),(73,3,2,117),(73,3,3,110),(74,1,1,80),(74,1,2,66),(74,1,3,89),(74,2,1,93),(74,2,2,73),(74,2,3,93),(74,3,1,82),(74,3,2,75),(74,3,3,82),(75,1,1,86),(75,1,2,84),(75,1,3,91),(75,2,1,91),(75,2,2,85),(75,2,3,93),(75,3,1,88),(75,3,2,87),(75,3,3,90),(76,1,1,86),(76,1,2,90),(76,1,3,90),(76,2,1,86),(76,2,2,88),(76,2,3,90),(76,3,1,88),(76,3,2,90),(76,3,3,92),(77,1,1,84),(77,1,2,92),(77,1,3,88),(77,2,1,80),(77,2,2,88),(77,2,3,86),(77,3,1,86),(77,3,2,90),(77,3,3,92),(78,1,1,90),(78,1,2,104),(78,1,3,91),(78,2,1,83),(78,2,2,97),(78,2,3,89),(78,3,1,92),(78,3,2,99),(78,3,3,98),(79,1,1,93),(79,1,2,83),(79,1,3,97),(79,2,1,107),(79,2,2,88),(79,2,3,104),(79,3,1,95),(79,3,2,90),(79,3,3,92),(80,1,1,107),(80,1,2,117),(80,1,3,103),(80,2,1,109),(80,2,2,112),(80,2,3,108),(80,3,1,109),(80,3,2,114),(80,3,3,108),(81,1,1,84),(81,1,2,74),(81,1,3,91),(81,2,1,95),(81,2,2,79),(81,2,3,95),(81,3,1,86),(81,3,2,81),(81,3,3,86),(82,1,1,100),(82,1,2,112),(82,1,3,98),(82,2,1,98),(82,2,2,106),(82,2,3,100),(82,3,1,102),(82,3,2,108),(82,3,3,104),(83,1,1,102),(83,1,2,122),(83,1,3,98),(83,2,1,94),(83,2,2,112),(83,2,3,98),(83,3,1,104),(83,3,2,114),(83,3,3,108),(84,1,1,90),(84,1,2,104),(84,1,3,91),(84,2,1,83),(84,2,2,97),(84,2,3,89),(84,3,1,92),(84,3,2,99),(84,3,3,98),(85,1,1,60),(85,1,2,44),(85,1,3,76),(85,2,1,68),(85,2,2,52),(85,2,3,74),(85,3,1,62),(85,3,2,54),(85,3,3,68),(86,1,1,123),(86,1,2,143),(86,1,3,112),(86,2,1,122),(86,2,2,133),(86,2,3,119),(86,3,1,125),(86,3,2,135),(86,3,3,122),(87,1,1,83),(87,1,2,69),(87,1,3,91),(87,2,1,97),(87,2,2,76),(87,2,3,96),(87,3,1,85),(87,3,2,78),(87,3,3,84),(88,1,1,96),(88,1,2,98),(88,1,3,97),(88,2,1,101),(88,2,2,97),(88,2,3,101),(88,3,1,98),(88,3,2,99),(88,3,3,98),(89,1,1,90),(89,1,2,92),(89,1,3,93),(89,2,1,93),(89,2,2,91),(89,2,3,95),(89,3,1,92),(89,3,2,93),(89,3,3,94),(90,1,1,74),(90,1,2,66),(90,1,3,84),(90,2,1,80),(90,2,2,70),(90,2,3,84),(90,3,1,76),(90,3,2,72),(90,3,3,80),(91,1,1,78),(91,1,2,74),(91,1,3,86),(91,2,1,78),(91,2,2,76),(91,2,3,83),(91,3,1,79),(91,3,2,77),(91,3,3,84),(92,1,1,76),(92,1,2,70),(92,1,3,85),(92,2,1,77),(92,2,2,73),(92,2,3,82),(92,3,1,77),(92,3,2,74),(92,3,3,82),(93,1,1,93),(93,1,2,77),(93,1,3,98),(93,2,1,108),(93,2,2,85),(93,2,3,104),(93,3,1,94),(93,3,2,86),(93,3,3,90),(94,1,1,103),(94,1,2,103),(94,1,3,102),(94,2,1,108),(94,2,2,103),(94,2,3,106),(94,3,1,104),(94,3,2,104),(94,3,3,102),(95,1,1,116),(95,1,2,132),(95,1,3,108),(95,2,1,112),(95,2,2,124),(95,2,3,111),(95,3,1,117),(95,3,2,125),(95,3,3,116),(96,1,1,96),(96,1,2,98),(96,1,3,97),(96,2,1,97),(96,2,2,97),(96,2,3,98),(96,3,1,97),(96,3,2,98),(96,3,3,98),(97,1,1,78),(97,1,2,68),(97,1,3,87),(97,2,1,83),(97,2,2,73),(97,2,3,86),(97,3,1,79),(97,3,2,74),(97,3,3,82),(98,1,1,90),(98,1,2,98),(98,1,3,92),(98,2,1,84),(98,2,2,94),(98,2,3,89),(98,3,1,91),(98,3,2,95),(98,3,3,96),(99,1,1,82),(99,1,2,82),(99,1,3,88),(99,2,1,80),(99,2,2,82),(99,2,3,85),(99,3,1,83),(99,3,2,83),(99,3,3,88),(100,1,1,95),(100,1,2,81),(100,1,3,99),(100,2,1,109),(100,2,2,88),(100,2,3,105),(100,3,1,96),(100,3,2,89),(100,3,3,92),(101,1,1,105),(101,1,2,107),(101,1,3,103),(101,2,1,109),(101,2,2,106),(101,2,3,107),(101,3,1,106),(101,3,2,107),(101,3,3,104),(102,1,1,112),(102,1,2,124),(102,1,3,106),(102,2,1,110),(102,2,2,118),(102,2,3,109),(102,3,1,113),(102,3,2,119),(102,3,3,112),(103,1,1,98),(103,1,2,102),(103,1,3,98),(103,2,1,98),(103,2,2,100),(103,2,3,99),(103,3,1,99),(103,3,2,101),(103,3,3,100),(104,1,1,90),(104,1,2,92),(104,1,3,93),(104,2,1,89),(104,2,2,91),(104,2,3,92),(104,3,1,91),(104,3,2,92),(104,3,3,94),(105,1,1,100),(105,1,2,118),(105,1,3,97),(105,2,1,89),(105,2,2,109),(105,2,3,94),(105,3,1,101),(105,3,2,110),(105,3,3,106),(106,1,1,104),(106,1,2,126),(106,1,3,99),(106,2,1,91),(106,2,2,115),(106,2,3,96),(106,3,1,105),(106,3,2,116),(106,3,3,110),(107,1,1,129),(107,1,2,149),(107,1,3,116),(107,2,1,126),(107,2,2,139),(107,2,3,122),(107,3,1,130),(107,3,2,140),(107,3,3,126),(108,1,1,85),(108,1,2,67),(108,1,3,93),(108,2,1,99),(108,2,2,76),(108,2,3,97),(108,3,1,86),(108,3,2,77),(108,3,3,84),(109,1,1,118),(109,1,2,136),(109,1,3,109),(109,2,1,113),(109,2,2,127),(109,2,3,112),(109,3,1,119),(109,3,2,128),(109,3,3,118),(110,1,1,88),(110,1,2,82),(110,1,3,93),(110,2,1,93),(110,2,2,85),(110,2,3,94),(110,3,1,89),(110,3,2,86),(110,3,3,90),(111,1,1,96),(111,1,2,104),(111,1,3,96),(111,2,1,92),(111,2,2,100),(111,2,3,95),(111,3,1,97),(111,3,2,101),(111,3,3,100),(112,1,1,70),(112,1,2,58),(112,1,3,82),(112,2,1,74),(112,2,2,64),(112,2,3,79),(112,3,1,71),(112,3,2,65),(112,3,3,76),(113,1,1,78),(113,1,2,74),(113,1,3,86),(113,2,1,78),(113,2,2,76),(113,2,3,83),(113,3,1,79),(113,3,2,77),(113,3,3,84),(114,1,1,119),(114,1,2,129),(114,1,3,111),(114,2,1,121),(114,2,2,124),(114,2,3,117),(114,3,1,120),(114,3,2,125),(114,3,3,116),(115,1,1,107),(115,1,2,111),(115,1,3,104),(115,2,1,110),(115,2,2,109),(115,2,3,108),(115,3,1,108),(115,3,2,110),(115,3,3,106),(116,1,1,112),(116,1,2,124),(116,1,3,106),(116,2,1,110),(116,2,2,118),(116,2,3,109),(116,3,1,113),(116,3,2,119),(116,3,3,112),(117,1,1,102),(117,1,2,110),(117,1,3,100),(117,2,1,100),(117,2,2,106),(117,2,3,101),(117,3,1,103),(117,3,2,107),(117,3,3,104),(118,1,1,78),(118,1,2,68),(118,1,3,87),(118,2,1,83),(118,2,2,73),(118,2,3,86),(118,3,1,79),(118,3,2,74),(118,3,3,82),(119,1,1,98),(119,1,2,114),(119,1,3,96),(119,2,1,88),(119,2,2,106),(119,2,3,93),(119,3,1,99),(119,3,2,107),(119,3,3,104),(120,1,1,74),(120,1,2,66),(120,1,3,84),(120,2,1,76),(120,2,2,70),(120,2,3,81),(120,3,1,75),(120,3,2,71),(120,3,3,80),(121,1,1,113),(121,1,2,117),(121,1,3,108),(121,2,1,118),(121,2,2,115),(121,2,3,114),(121,3,1,114),(121,3,2,116),(121,3,3,110),(122,1,1,99),(122,1,2,95),(122,1,3,100),(122,2,1,106),(122,2,2,97),(122,2,3,104),(122,3,1,100),(122,3,2,98),(122,3,3,98),(123,1,1,106),(123,1,2,112),(123,1,3,103),(123,2,1,107),(123,2,2,109),(123,2,3,106),(123,3,1,107),(123,3,2,110),(123,3,3,106),(124,1,1,96),(124,1,2,98),(124,1,3,97),(124,2,1,97),(124,2,2,97),(124,2,3,98),(124,3,1,97),(124,3,2,98),(124,3,3,98),(125,1,1,82),(125,1,2,76),(125,1,3,89),(125,2,1,85),(125,2,2,79),(125,2,3,88),(125,3,1,83),(125,3,2,80),(125,3,3,86),(126,1,1,86),(126,1,2,90),(126,1,3,90),(126,2,1,82),(126,2,2,88),(126,2,3,87),(126,3,1,87),(126,3,2,89),(126,3,3,92),(127,1,1,68),(127,1,2,54),(127,1,3,81),(127,2,1,73),(127,2,2,61),(127,2,3,78),(127,3,1,69),(127,3,2,62),(127,3,3,74),(128,1,1,95),(128,1,2,81),(128,1,3,99),(128,2,1,109),(128,2,2,88),(128,2,3,105),(128,3,1,96),(128,3,2,89),(128,3,3,92),(129,1,1,85),(129,1,2,67),(129,1,3,93),(129,2,1,99),(129,2,2,76),(129,2,3,97),(129,3,1,86),(129,3,2,77),(129,3,3,84),(130,1,1,92),(130,1,2,84),(130,1,3,96),(130,2,1,100),(130,2,2,88),(130,2,3,99),(130,3,1,93),(130,3,2,89),(130,3,3,92),(131,1,1,110),(131,1,2,126),(131,1,3,104),(131,2,1,104),(131,2,2,118),(131,2,3,105),(131,3,1,111),(131,3,2,119),(131,3,3,112),(132,1,1,84),(132,1,2,80),(132,1,3,90),(132,2,1,86),(132,2,2,82),(132,2,3,89),(132,3,1,85),(132,3,2,83),(132,3,3,88),(133,1,1,82),(133,1,2,82),(133,1,3,88),(133,2,1,80),(133,2,2,82),(133,2,3,85),(133,3,1,83),(133,3,2,83),(133,3,3,88),(134,1,1,104),(134,1,2,126),(134,1,3,99),(134,2,1,91),(134,2,2,115),(134,2,3,96),(134,3,1,105),(134,3,2,116),(134,3,3,110),(135,1,1,93),(135,1,2,77),(135,1,3,98),(135,2,1,108),(135,2,2,85),(135,2,3,104),(135,3,1,94),(135,3,2,86),(135,3,3,90),(136,1,1,89),(136,1,2,75),(136,1,3,95),(136,2,1,101),(136,2,2,82),(136,2,3,99),(136,3,1,90),(136,3,2,83),(136,3,3,88),(137,1,1,84),(137,1,2,68),(137,1,3,92),(137,2,1,96),(137,2,2,76),(137,2,3,95),(137,3,1,85),(137,3,2,77),(137,3,3,84),(138,1,1,112),(138,1,2,130),(138,1,3,105),(138,2,1,105),(138,2,2,121),(138,2,3,106),(138,3,1,113),(138,3,2,122),(138,3,3,114),(139,1,1,78),(139,1,2,68),(139,1,3,87),(139,2,1,83),(139,2,2,73),(139,2,3,86),(139,3,1,79),(139,3,2,74),(139,3,3,82),(140,1,1,102),(140,1,2,122),(140,1,3,98),(140,2,1,90),(140,2,2,112),(140,2,3,95),(140,3,1,103),(140,3,2,113),(140,3,3,108),(141,1,1,96),(141,1,2,110),(141,1,3,95),(141,2,1,87),(141,2,2,103),(141,2,3,92),(141,3,1,97),(141,3,2,104),(141,3,3,102),(142,1,1,107),(142,1,2,105),(142,1,3,105),(142,2,1,115),(142,2,2,106),(142,2,3,111),(142,3,1,108),(142,3,2,107),(142,3,3,104),(143,1,1,91),(143,1,2,79),(143,1,3,96),(143,2,1,102),(143,2,2,85),(143,2,3,100),(143,3,1,92),(143,3,2,86),(143,3,3,90),(144,1,1,112),(144,1,2,124),(144,1,3,106),(144,2,1,110),(144,2,2,118),(144,2,3,109),(144,3,1,113),(144,3,2,119),(144,3,3,112),(145,1,1,102),(145,1,2,110),(145,1,3,100),(145,2,1,100),(145,2,2,106),(145,2,3,101),(145,3,1,103),(145,3,2,107),(145,3,3,104),(146,1,1,108),(146,1,2,128),(146,1,3,102),(146,2,1,98),(146,2,2,118),(146,2,3,101),(146,3,1,109),(146,3,2,119),(146,3,3,112),(147,1,1,74),(147,1,2,66),(147,1,3,84),(147,2,1,76),(147,2,2,70),(147,2,3,81),(147,3,1,75),(147,3,2,71),(147,3,3,80),(148,1,1,102),(148,1,2,122),(148,1,3,98),(148,2,1,90),(148,2,2,112),(148,2,3,95),(148,3,1,103),(148,3,2,113),(148,3,3,108),(149,1,1,103),(149,1,2,97),(149,1,3,103),(149,2,1,113),(149,2,2,100),(149,2,3,109),(149,3,1,104),(149,3,2,101),(149,3,3,100),(150,1,1,99),(150,1,2,95),(150,1,3,100),(150,2,1,106),(150,2,2,97),(150,2,3,104),(150,3,1,100),(150,3,2,98),(150,3,3,98),(151,1,1,104),(151,1,2,90),(151,1,3,105),(151,2,1,109),(151,2,2,97),(151,2,3,105),(151,3,1,102),(151,3,2,95),(151,3,3,98),(152,1,1,108),(152,1,2,104),(152,1,3,106),(152,2,1,106),(152,2,2,106),(152,2,3,104),(152,3,1,106),(152,3,2,104),(152,3,3,104),(153,1,1,90),(153,1,2,74),(153,1,3,96),(153,2,1,92),(153,2,2,82),(153,2,3,92),(153,3,1,88),(153,3,2,80),(153,3,3,88),(154,1,1,82),(154,1,2,64),(154,1,3,91),(154,2,1,83),(154,2,2,73),(154,2,3,85),(154,3,1,80),(154,3,2,71),(154,3,3,82),(155,1,1,112),(155,1,2,124),(155,1,3,106),(155,2,1,98),(155,2,2,118),(155,2,3,100),(155,3,1,110),(155,3,2,116),(155,3,3,112),(156,1,1,141),(156,1,2,155),(156,1,3,125),(156,2,1,135),(156,2,2,148),(156,2,3,128),(156,3,1,139),(156,3,2,146),(156,3,3,132),(157,1,1,105),(157,1,2,89),(157,1,3,106),(157,2,1,112),(157,2,2,97),(157,2,3,107),(157,3,1,103),(157,3,2,95),(157,3,3,98),(158,1,1,106),(158,1,2,94),(158,1,3,106),(158,2,1,110),(158,2,2,100),(158,2,3,106),(158,3,1,104),(158,3,2,98),(158,3,3,100),(159,1,1,98),(159,1,2,84),(159,1,3,101),(159,2,1,101),(159,2,2,91),(159,2,3,99),(159,3,1,96),(159,3,2,89),(159,3,3,94),(160,1,1,98),(160,1,2,90),(160,1,3,100),(160,2,1,96),(160,2,2,94),(160,2,3,96),(160,3,1,96),(160,3,2,92),(160,3,3,96),(161,1,1,80),(161,1,2,60),(161,1,3,90),(161,2,1,82),(161,2,2,70),(161,2,3,84),(161,3,1,78),(161,3,2,68),(161,3,3,80),(162,1,1,106),(162,1,2,112),(162,1,3,103),(162,2,1,95),(162,2,2,109),(162,2,3,97),(162,3,1,104),(162,3,2,107),(162,3,3,106),(163,1,1,141),(163,1,2,155),(163,1,3,125),(163,2,1,135),(163,2,2,148),(163,2,3,128),(163,3,1,139),(163,3,2,146),(163,3,3,132),(164,1,1,123),(164,1,2,125),(164,1,3,115),(164,2,1,121),(164,2,2,124),(164,2,3,116),(164,3,1,121),(164,3,2,122),(164,3,3,116),(165,1,1,122),(165,1,2,126),(165,1,3,114),(165,2,1,118),(165,2,2,124),(165,2,3,114),(165,3,1,120),(165,3,2,122),(165,3,3,116),(166,1,1,108),(166,1,2,104),(166,1,3,106),(166,2,1,106),(166,2,2,106),(166,2,3,104),(166,3,1,106),(166,3,2,104),(166,3,3,104),(167,1,1,122),(167,1,2,138),(167,1,3,112),(167,2,1,108),(167,2,2,130),(167,2,3,108),(167,3,1,120),(167,3,2,128),(167,3,3,120),(168,1,1,100),(168,1,2,100),(168,1,3,100),(168,2,1,92),(168,2,2,100),(168,2,3,94),(168,3,1,98),(168,3,2,98),(168,3,3,100),(169,1,1,98),(169,1,2,96),(169,1,3,99),(169,2,1,91),(169,2,2,97),(169,2,3,93),(169,3,1,96),(169,3,2,95),(169,3,3,98),(170,1,1,105),(170,1,2,83),(170,1,3,107),(170,2,1,117),(170,2,2,94),(170,2,3,110),(170,3,1,103),(170,3,2,92),(170,3,3,96),(171,1,1,105),(171,1,2,89),(171,1,3,106),(171,2,1,112),(171,2,2,97),(171,2,3,107),(171,3,1,103),(171,3,2,95),(171,3,3,98),(172,1,1,102),(172,1,2,86),(172,1,3,104),(172,2,1,108),(172,2,2,94),(172,2,3,104),(172,3,1,100),(172,3,2,92),(172,3,3,96),(173,1,1,124),(173,1,2,136),(173,1,3,114),(173,2,1,114),(173,2,2,130),(173,2,3,112),(173,3,1,122),(173,3,2,128),(173,3,3,120),(174,1,1,104),(174,1,2,102),(174,1,3,103),(174,2,1,99),(174,2,2,103),(174,2,3,99),(174,3,1,102),(174,3,2,101),(174,3,3,102),(175,1,1,114),(175,1,2,128),(175,1,3,107),(175,2,1,99),(175,2,2,121),(175,2,3,101),(175,3,1,112),(175,3,2,119),(175,3,3,114),(176,1,1,84),(176,1,2,68),(176,1,3,92),(176,2,1,84),(176,2,2,76),(176,2,3,86),(176,3,1,82),(176,3,2,74),(176,3,3,84),(177,1,1,115),(177,1,2,103),(177,1,3,112),(177,2,1,122),(177,2,2,109),(177,2,3,115),(177,3,1,113),(177,3,2,107),(177,3,3,106),(178,1,1,105),(178,1,2,89),(178,1,3,106),(178,2,1,112),(178,2,2,97),(178,2,3,107),(178,3,1,103),(178,3,2,95),(178,3,3,98),(179,1,1,118),(179,1,2,118),(179,1,3,112),(179,2,1,116),(179,2,2,118),(179,2,3,112),(179,3,1,116),(179,3,2,116),(179,3,3,112),(180,1,1,126),(180,1,2,140),(180,1,3,115),(180,2,1,115),(180,2,2,133),(180,2,3,113),(180,3,1,124),(180,3,2,131),(180,3,3,122),(181,1,1,108),(181,1,2,104),(181,1,3,106),(181,2,1,102),(181,2,2,106),(181,2,3,101),(181,3,1,105),(181,3,2,103),(181,3,3,104),(182,1,1,114),(182,1,2,122),(182,1,3,108),(182,2,1,100),(182,2,2,118),(182,2,3,101),(182,3,1,111),(182,3,2,115),(182,3,3,112),(183,1,1,112),(183,1,2,118),(183,1,3,107),(183,2,1,99),(183,2,2,115),(183,2,3,100),(183,3,1,109),(183,3,2,112),(183,3,3,110),(184,1,1,143),(184,1,2,153),(184,1,3,127),(184,2,1,137),(184,2,2,148),(184,2,3,129),(184,3,1,140),(184,3,2,145),(184,3,3,132),(185,1,1,105),(185,1,2,83),(185,1,3,107),(185,2,1,113),(185,2,2,94),(185,2,3,107),(185,3,1,102),(185,3,2,91),(185,3,3,96),(186,1,1,112),(186,1,2,100),(186,1,3,110),(186,2,1,114),(186,2,2,106),(186,2,3,109),(186,3,1,109),(186,3,2,103),(186,3,3,104),(187,1,1,122),(187,1,2,126),(187,1,3,114),(187,2,1,114),(187,2,2,124),(187,2,3,111),(187,3,1,119),(187,3,2,121),(187,3,3,116),(188,1,1,104),(188,1,2,96),(188,1,3,104),(188,2,1,100),(188,2,2,100),(188,2,3,99),(188,3,1,101),(188,3,2,97),(188,3,3,100),(189,1,1,100),(189,1,2,94),(189,1,3,101),(189,2,1,93),(189,2,2,97),(189,2,3,94),(189,3,1,97),(189,3,2,94),(189,3,3,98),(190,1,1,110),(190,1,2,114),(190,1,3,106),(190,2,1,98),(190,2,2,112),(190,2,3,99),(190,3,1,107),(190,3,2,109),(190,3,3,108),(191,1,1,117),(191,1,2,101),(191,1,3,114),(191,2,1,124),(191,2,2,109),(191,2,3,116),(191,3,1,114),(191,3,2,106),(191,3,3,106),(192,1,1,117),(192,1,2,107),(192,1,3,113),(192,2,1,119),(192,2,2,112),(192,2,3,113),(192,3,1,114),(192,3,2,109),(192,3,3,108),(193,1,1,124),(193,1,2,124),(193,1,3,116),(193,2,1,120),(193,2,2,124),(193,2,3,115),(193,3,1,121),(193,3,2,121),(193,3,3,116),(194,1,1,122),(194,1,2,126),(194,1,3,114),(194,2,1,114),(194,2,2,124),(194,2,3,111),(194,3,1,119),(194,3,2,121),(194,3,3,116),(195,1,1,98),(195,1,2,84),(195,1,3,101),(195,2,1,97),(195,2,2,91),(195,2,3,96),(195,3,1,95),(195,3,2,88),(195,3,3,94),(196,1,1,102),(196,1,2,98),(196,1,3,102),(196,2,1,94),(196,2,2,100),(196,2,3,95),(196,3,1,99),(196,3,2,97),(196,3,3,100),(197,1,1,118),(197,1,2,130),(197,1,3,110),(197,2,1,102),(197,2,2,124),(197,2,3,103),(197,3,1,115),(197,3,2,121),(197,3,3,116),(198,1,1,113),(198,1,2,93),(198,1,3,112),(198,2,1,122),(198,2,2,103),(198,2,3,114),(198,3,1,110),(198,3,2,100),(198,3,3,102),(199,1,1,117),(199,1,2,107),(199,1,3,113),(199,2,1,119),(199,2,2,112),(199,2,3,113),(199,3,1,114),(199,3,2,109),(199,3,3,108),(200,1,1,138),(200,1,2,152),(200,1,3,123),(200,2,1,127),(200,2,2,145),(200,2,3,122),(200,3,1,135),(200,3,2,142),(200,3,3,130),(201,1,1,118),(201,1,2,118),(201,1,3,112),(201,2,1,112),(201,2,2,118),(201,2,3,109),(201,3,1,115),(201,3,2,115),(201,3,3,112),(202,1,1,88),(202,1,2,64),(202,1,3,96),(202,2,1,92),(202,2,2,76),(202,2,3,91),(202,3,1,85),(202,3,2,73),(202,3,3,84),(203,1,1,118),(203,1,2,130),(203,1,3,110),(203,2,1,102),(203,2,2,124),(203,2,3,103),(203,3,1,115),(203,3,2,121),(203,3,3,116),(204,1,1,96),(204,1,2,86),(204,1,3,99),(204,2,1,91),(204,2,2,91),(204,2,3,92),(204,3,1,93),(204,3,2,88),(204,3,3,94),(205,1,1,129),(205,1,2,125),(205,1,3,120),(205,2,1,130),(205,2,2,127),(205,2,3,122),(205,3,1,126),(205,3,2,124),(205,3,3,118),(206,1,1,113),(206,1,2,99),(206,1,3,111),(206,2,1,117),(206,2,2,106),(206,2,3,111),(206,3,1,110),(206,3,2,103),(206,3,3,104),(207,1,1,130),(207,1,2,136),(207,1,3,119),(207,2,1,123),(207,2,2,133),(207,2,3,118),(207,3,1,127),(207,3,2,130),(207,3,3,122),(208,1,1,94),(208,1,2,70),(208,1,3,100),(208,2,1,100),(208,2,2,82),(208,2,3,97),(208,3,1,91),(208,3,2,79),(208,3,3,88),(209,1,1,122),(209,1,2,132),(209,1,3,113),(209,2,1,109),(209,2,2,127),(209,2,3,108),(209,3,1,119),(209,3,2,124),(209,3,3,118),(210,1,1,94),(210,1,2,82),(210,1,3,98),(210,2,1,90),(210,2,2,88),(210,2,3,91),(210,3,1,91),(210,3,2,85),(210,3,3,92),(211,1,1,100),(211,1,2,112),(211,1,3,98),(211,2,1,90),(211,2,2,106),(211,2,3,94),(211,3,1,100),(211,3,2,106),(211,3,3,104),(212,1,1,131),(212,1,2,147),(212,1,3,118),(212,2,1,128),(212,2,2,139),(212,2,3,123),(212,3,1,131),(212,3,2,139),(212,3,3,126),(213,1,1,127),(213,1,2,145),(213,1,3,115),(213,2,1,121),(213,2,2,136),(213,2,3,118),(213,3,1,127),(213,3,2,136),(213,3,3,124),(214,1,1,114),(214,1,2,122),(214,1,3,108),(214,2,1,112),(214,2,2,118),(214,2,3,110),(214,3,1,114),(214,3,2,118),(214,3,3,112),(215,1,1,102),(215,1,2,104),(215,1,3,101),(215,2,1,101),(215,2,2,103),(215,2,3,101),(215,3,1,102),(215,3,2,103),(215,3,3,102),(216,1,1,98),(216,1,2,102),(216,1,3,98),(216,2,1,94),(216,2,2,100),(216,2,3,96),(216,3,1,98),(216,3,2,100),(216,3,3,100),(217,1,1,90),(217,1,2,92),(217,1,3,93),(217,2,1,85),(217,2,2,91),(217,2,3,89),(217,3,1,90),(217,3,2,91),(217,3,3,94),(218,1,1,94),(218,1,2,100),(218,1,3,95),(218,2,1,87),(218,2,2,97),(218,2,3,91),(218,3,1,94),(218,3,2,97),(218,3,3,98),(219,1,1,133),(219,1,2,151),(219,1,3,119),(219,2,1,129),(219,2,2,142),(219,2,3,124),(219,3,1,133),(219,3,2,142),(219,3,3,128),(220,1,1,93),(220,1,2,77),(220,1,3,98),(220,2,1,104),(220,2,2,85),(220,2,3,101),(220,3,1,93),(220,3,2,85),(220,3,3,90),(221,1,1,112),(221,1,2,118),(221,1,3,107),(221,2,1,111),(221,2,2,115),(221,2,3,109),(221,3,1,112),(221,3,2,115),(221,3,3,110),(222,1,1,90),(222,1,2,80),(222,1,3,95),(222,2,1,95),(222,2,2,85),(222,2,3,95),(222,3,1,90),(222,3,2,85),(222,3,3,90),(223,1,1,90),(223,1,2,86),(223,1,3,94),(223,2,1,90),(223,2,2,88),(223,2,3,92),(223,3,1,90),(223,3,2,88),(223,3,3,92),(224,1,1,86),(224,1,2,84),(224,1,3,91),(224,2,1,83),(224,2,2,85),(224,2,3,87),(224,3,1,86),(224,3,2,85),(224,3,3,90),(225,1,1,78),(225,1,2,68),(225,1,3,87),(225,2,1,79),(225,2,2,73),(225,2,3,83),(225,3,1,78),(225,3,2,73),(225,3,3,82),(226,1,1,131),(226,1,2,147),(226,1,3,118),(226,2,1,128),(226,2,2,139),(226,2,3,123),(226,3,1,131),(226,3,2,139),(226,3,3,126),(227,1,1,103),(227,1,2,97),(227,1,3,103),(227,2,1,109),(227,2,2,100),(227,2,3,106),(227,3,1,103),(227,3,2,100),(227,3,3,100),(228,1,1,106),(228,1,2,106),(228,1,3,104),(228,2,1,108),(228,2,2,106),(228,2,3,106),(228,3,1,106),(228,3,2,106),(228,3,3,104),(229,1,1,102),(229,1,2,104),(229,1,3,101),(229,2,1,101),(229,2,2,103),(229,2,3,101),(229,3,1,102),(229,3,2,103),(229,3,3,102),(230,1,1,76),(230,1,2,58),(230,1,3,87),(230,2,1,83),(230,2,2,67),(230,2,3,85),(230,3,1,76),(230,3,2,67),(230,3,3,78),(231,1,1,104),(231,1,2,120),(231,1,3,100),(231,2,1,92),(231,2,2,112),(231,2,3,96),(231,3,1,104),(231,3,2,112),(231,3,3,108),(232,1,1,76),(232,1,2,64),(232,1,3,86),(232,2,1,78),(232,2,2,70),(232,2,3,82),(232,3,1,76),(232,3,2,70),(232,3,3,80),(233,1,1,115),(233,1,2,115),(233,1,3,110),(233,2,1,120),(233,2,2,115),(233,2,3,115),(233,3,1,115),(233,3,2,115),(233,3,3,110),(234,1,1,103),(234,1,2,97),(234,1,3,103),(234,2,1,109),(234,2,2,100),(234,2,3,106),(234,3,1,103),(234,3,2,100),(234,3,3,100),(235,1,1,124),(235,1,2,142),(235,1,3,113),(235,2,1,117),(235,2,2,133),(235,2,3,115),(235,3,1,124),(235,3,2,133),(235,3,3,122),(236,1,1,84),(236,1,2,68),(236,1,3,92),(236,2,1,92),(236,2,2,76),(236,2,3,92),(236,3,1,84),(236,3,2,76),(236,3,3,84),(237,1,1,92),(237,1,2,90),(237,1,3,95),(237,2,1,91),(237,2,2,91),(237,2,3,93),(237,3,1,92),(237,3,2,91),(237,3,3,94),(238,1,1,86),(238,1,2,84),(238,1,3,91),(238,2,1,83),(238,2,2,85),(238,2,3,87),(238,3,1,86),(238,3,2,85),(238,3,3,90),(239,1,1,72),(239,1,2,56),(239,1,3,84),(239,2,1,76),(239,2,2,64),(239,2,3,80),(239,3,1,72),(239,3,2,64),(239,3,3,76),(240,1,1,103),(240,1,2,91),(240,1,3,104),(240,2,1,114),(240,2,2,97),(240,2,3,109),(240,3,1,103),(240,3,2,97),(240,3,3,98),(241,1,1,117),(241,1,2,137),(241,1,3,108),(241,2,1,114),(241,2,2,127),(241,2,3,113),(241,3,1,119),(241,3,2,129),(241,3,3,118),(242,1,1,112),(242,1,2,130),(242,1,3,105),(242,2,1,109),(242,2,2,121),(242,2,3,109),(242,3,1,114),(242,3,2,123),(242,3,3,114),(243,1,1,98),(243,1,2,108),(243,1,3,97),(243,2,1,97),(243,2,2,103),(243,2,3,99),(243,3,1,100),(243,3,2,105),(243,3,3,102),(244,1,1,92),(244,1,2,102),(244,1,3,93),(244,2,1,89),(244,2,2,97),(244,2,3,93),(244,3,1,94),(244,3,2,99),(244,3,3,98),(245,1,1,92),(245,1,2,108),(245,1,3,92),(245,2,1,84),(245,2,2,100),(245,2,3,90),(245,3,1,94),(245,3,2,102),(245,3,3,100),(246,1,1,86),(246,1,2,96),(246,1,3,89),(246,2,1,81),(246,2,2,91),(246,2,3,87),(246,3,1,88),(246,3,2,93),(246,3,3,94),(247,1,1,99),(247,1,2,95),(247,1,3,100),(247,2,1,110),(247,2,2,97),(247,2,3,107),(247,3,1,101),(247,3,2,99),(247,3,3,98),(248,1,1,109),(248,1,2,121),(248,1,3,104),(248,2,1,110),(248,2,2,115),(248,2,3,109),(248,3,1,111),(248,3,2,117),(248,3,3,110),(249,1,1,80),(249,1,2,66),(249,1,3,89),(249,2,1,93),(249,2,2,73),(249,2,3,93),(249,3,1,82),(249,3,2,75),(249,3,3,82),(250,1,1,86),(250,1,2,84),(250,1,3,91),(250,2,1,91),(250,2,2,85),(250,2,3,93),(250,3,1,88),(250,3,2,87),(250,3,3,90),(251,1,1,98),(251,1,2,114),(251,1,3,96),(251,2,1,92),(251,2,2,106),(251,2,3,96),(251,3,1,100),(251,3,2,108),(251,3,3,104),(252,1,1,98),(252,1,2,120),(252,1,3,95),(252,2,1,87),(252,2,2,109),(252,2,3,93),(252,3,1,100),(252,3,2,111),(252,3,3,106),(253,1,1,98),(253,1,2,120),(253,1,3,95),(253,2,1,87),(253,2,2,109),(253,2,3,93),(253,3,1,100),(253,3,2,111),(253,3,3,106),(254,1,1,109),(254,1,2,115),(254,1,3,105),(254,2,1,115),(254,2,2,112),(254,2,3,112),(254,3,1,111),(254,3,2,114),(254,3,3,108),(255,1,1,97),(255,1,2,97),(255,1,3,98),(255,2,1,104),(255,2,2,97),(255,2,3,103),(255,3,1,99),(255,3,2,99),(255,3,3,98),(256,1,1,84),(256,1,2,74),(256,1,3,91),(256,2,1,95),(256,2,2,79),(256,2,3,95),(256,3,1,86),(256,3,2,81),(256,3,3,86),(257,1,1,78),(257,1,2,68),(257,1,3,87),(257,2,1,87),(257,2,2,73),(257,2,3,89),(257,3,1,80),(257,3,2,75),(257,3,3,82),(258,1,1,84),(258,1,2,86),(258,1,3,89),(258,2,1,85),(258,2,2,85),(258,2,3,89),(258,3,1,86),(258,3,2,87),(258,3,3,90),(259,1,1,86),(259,1,2,96),(259,1,3,89),(259,2,1,81),(259,2,2,91),(259,2,3,87),(259,3,1,88),(259,3,2,93),(259,3,3,94),(260,1,1,84),(260,1,2,92),(260,1,3,88),(260,2,1,80),(260,2,2,88),(260,2,3,86),(260,3,1,86),(260,3,2,90),(260,3,3,92),(261,1,1,111),(261,1,2,119),(261,1,3,106),(261,2,1,116),(261,2,2,115),(261,2,3,113),(261,3,1,113),(261,3,2,117),(261,3,3,110),(262,1,1,103),(262,1,2,109),(262,1,3,101),(262,2,1,107),(262,2,2,106),(262,2,3,106),(262,3,1,105),(262,3,2,108),(262,3,3,104),(263,1,1,98),(263,1,2,102),(263,1,3,98),(263,2,1,102),(263,2,2,100),(263,2,3,102),(263,3,1,100),(263,3,2,102),(263,3,3,100),(264,1,1,74),(264,1,2,60),(264,1,3,85),(264,2,1,85),(264,2,2,67),(264,2,3,87),(264,3,1,76),(264,3,2,69),(264,3,3,78),(265,1,1,102),(265,1,2,122),(265,1,3,98),(265,2,1,94),(265,2,2,112),(265,2,3,98),(265,3,1,104),(265,3,2,114),(265,3,3,108),(266,1,1,70),(266,1,2,64),(266,1,3,81),(266,2,1,73),(266,2,2,67),(266,2,3,79),(266,3,1,72),(266,3,2,69),(266,3,3,78),(267,1,1,84),(267,1,2,92),(267,1,3,88),(267,2,1,80),(267,2,2,88),(267,2,3,86),(267,3,1,86),(267,3,2,90),(267,3,3,92),(268,1,1,93),(268,1,2,83),(268,1,3,97),(268,2,1,107),(268,2,2,88),(268,2,3,104),(268,3,1,95),(268,3,2,90),(268,3,3,92),(269,1,1,95),(269,1,2,93),(269,1,3,97),(269,2,1,103),(269,2,2,94),(269,2,3,102),(269,3,1,97),(269,3,2,96),(269,3,3,96),(270,1,1,80),(270,1,2,66),(270,1,3,89),(270,2,1,93),(270,2,2,73),(270,2,3,93),(270,3,1,82),(270,3,2,75),(270,3,3,82),(271,1,1,92),(271,1,2,96),(271,1,3,94),(271,2,1,94),(271,2,2,94),(271,2,3,96),(271,3,1,94),(271,3,2,96),(271,3,3,96),(272,1,1,76),(272,1,2,70),(272,1,3,85),(272,2,1,81),(272,2,2,73),(272,2,3,85),(272,3,1,78),(272,3,2,75),(272,3,3,82),(273,1,1,84),(273,1,2,92),(273,1,3,88),(273,2,1,80),(273,2,2,88),(273,2,3,86),(273,3,1,86),(273,3,2,90),(273,3,3,92),(274,1,1,98),(274,1,2,120),(274,1,3,95),(274,2,1,87),(274,2,2,109),(274,2,3,93),(274,3,1,100),(274,3,2,111),(274,3,3,106),(275,1,1,87),(275,1,2,71),(275,1,3,94),(275,2,1,104),(275,2,2,79),(275,2,3,101),(275,3,1,89),(275,3,2,81),(275,3,3,86),(276,1,1,115),(276,1,2,133),(276,1,3,107),(276,2,1,113),(276,2,2,124),(276,2,3,112),(276,3,1,117),(276,3,2,126),(276,3,3,116),(277,1,1,104),(277,1,2,114),(277,1,3,101),(277,2,1,105),(277,2,2,109),(277,2,3,105),(277,3,1,106),(277,3,2,111),(277,3,3,106),(278,1,1,86),(278,1,2,84),(278,1,3,91),(278,2,1,91),(278,2,2,85),(278,2,3,93),(278,3,1,88),(278,3,2,87),(278,3,3,90),(279,1,1,102),(279,1,2,122),(279,1,3,98),(279,2,1,94),(279,2,2,112),(279,2,3,98),(279,3,1,104),(279,3,2,114),(279,3,3,108),(280,1,1,66),(280,1,2,56),(280,1,3,79),(280,2,1,71),(280,2,2,61),(280,2,3,77),(280,3,1,68),(280,3,2,63),(280,3,3,74),(281,1,1,82),(281,1,2,88),(281,1,3,87),(281,2,1,79),(281,2,2,85),(281,2,3,85),(281,3,1,84),(281,3,2,87),(281,3,3,90),(282,1,1,89),(282,1,2,75),(282,1,3,95),(282,2,1,105),(282,2,2,82),(282,2,3,102),(282,3,1,91),(282,3,2,84),(282,3,3,88),(283,1,1,85),(283,1,2,73),(283,1,3,92),(283,2,1,98),(283,2,2,79),(283,2,3,97),(283,3,1,87),(283,3,2,81),(283,3,3,86),(284,1,1,110),(284,1,2,126),(284,1,3,104),(284,2,1,108),(284,2,2,118),(284,2,3,108),(284,3,1,112),(284,3,2,120),(284,3,3,112),(285,1,1,94),(285,1,2,100),(285,1,3,95),(285,2,1,95),(285,2,2,97),(285,2,3,97),(285,3,1,96),(285,3,2,99),(285,3,3,98),(286,1,1,76),(286,1,2,70),(286,1,3,85),(286,2,1,81),(286,2,2,73),(286,2,3,85),(286,3,1,78),(286,3,2,75),(286,3,3,82),(287,1,1,76),(287,1,2,76),(287,1,3,84),(287,2,1,76),(287,2,2,76),(287,2,3,82),(287,3,1,78),(287,3,2,78),(287,3,3,84),(288,1,1,64),(288,1,2,52),(288,1,3,78),(288,2,1,70),(288,2,2,58),(288,2,3,76),(288,3,1,66),(288,3,2,60),(288,3,3,72),(289,1,1,115),(289,1,2,127),(289,1,3,108),(289,2,1,118),(289,2,2,121),(289,2,3,115),(289,3,1,117),(289,3,2,123),(289,3,3,114),(290,1,1,97),(290,1,2,97),(290,1,3,98),(290,2,1,104),(290,2,2,97),(290,2,3,103),(290,3,1,99),(290,3,2,99),(290,3,3,98),(291,1,1,108),(291,1,2,122),(291,1,3,103),(291,2,1,107),(291,2,2,115),(291,2,3,107),(291,3,1,110),(291,3,2,117),(291,3,3,110),(292,1,1,112),(292,1,2,136),(292,1,3,104),(292,2,1,104),(292,2,2,124),(292,2,3,106),(292,3,1,114),(292,3,2,126),(292,3,3,116),(293,1,1,82),(293,1,2,82),(293,1,3,88),(293,2,1,84),(293,2,2,82),(293,2,3,88),(293,3,1,84),(293,3,2,84),(293,3,3,88),(294,1,1,76),(294,1,2,76),(294,1,3,84),(294,2,1,76),(294,2,2,76),(294,2,3,82),(294,3,1,78),(294,3,2,78),(294,3,3,84),(295,1,1,90),(295,1,2,104),(295,1,3,91),(295,2,1,83),(295,2,2,97),(295,2,3,89),(295,3,1,92),(295,3,2,99),(295,3,3,98),(296,1,1,115),(296,1,2,127),(296,1,3,108),(296,2,1,118),(296,2,2,121),(296,2,3,115),(296,3,1,117),(296,3,2,123),(296,3,3,114),(297,1,1,117),(297,1,2,137),(297,1,3,108),(297,2,1,114),(297,2,2,127),(297,2,3,113),(297,3,1,119),(297,3,2,129),(297,3,3,118),(298,1,1,102),(298,1,2,110),(298,1,3,100),(298,2,1,104),(298,2,2,106),(298,2,3,104),(298,3,1,104),(298,3,2,108),(298,3,3,104),(299,1,1,94),(299,1,2,100),(299,1,3,95),(299,2,1,95),(299,2,2,97),(299,2,3,97),(299,3,1,96),(299,3,2,99),(299,3,3,98),(300,1,1,70),(300,1,2,58),(300,1,3,82),(300,2,1,78),(300,2,2,64),(300,2,3,82),(300,3,1,72),(300,3,2,66),(300,3,3,76),(301,1,1,74),(301,1,2,60),(301,1,3,85),(301,2,1,77),(301,2,2,67),(301,2,3,81),(301,3,1,74),(301,3,2,67),(301,3,3,78),(302,1,1,94),(302,1,2,100),(302,1,3,95),(302,2,1,87),(302,2,2,97),(302,2,3,91),(302,3,1,94),(302,3,2,97),(302,3,3,98),(303,1,1,107),(303,1,2,99),(303,1,3,106),(303,2,1,116),(303,2,2,103),(303,2,3,111),(303,3,1,107),(303,3,2,103),(303,3,3,102),(304,1,1,125),(304,1,2,141),(304,1,3,114),(304,2,1,120),(304,2,2,133),(304,2,3,117),(304,3,1,125),(304,3,2,133),(304,3,3,122),(305,1,1,122),(305,1,2,138),(305,1,3,112),(305,2,1,116),(305,2,2,130),(305,2,3,114),(305,3,1,122),(305,3,2,130),(305,3,3,120),(306,1,1,106),(306,1,2,112),(306,1,3,103),(306,2,1,103),(306,2,2,109),(306,2,3,103),(306,3,1,106),(306,3,2,109),(306,3,3,106),(307,1,1,102),(307,1,2,110),(307,1,3,100),(307,2,1,96),(307,2,2,106),(307,2,3,98),(307,3,1,102),(307,3,2,106),(307,3,3,104),(308,1,1,84),(308,1,2,80),(308,1,3,90),(308,2,1,82),(308,2,2,82),(308,2,3,86),(308,3,1,84),(308,3,2,82),(308,3,3,88),(309,1,1,102),(309,1,2,116),(309,1,3,99),(309,2,1,91),(309,2,2,109),(309,2,3,95),(309,3,1,102),(309,3,2,109),(309,3,3,106),(310,1,1,101),(310,1,2,87),(310,1,3,103),(310,2,1,113),(310,2,2,94),(310,2,3,108),(310,3,1,101),(310,3,2,94),(310,3,3,96),(311,1,1,129),(311,1,2,149),(311,1,3,116),(311,2,1,122),(311,2,2,139),(311,2,3,119),(311,3,1,129),(311,3,2,139),(311,3,3,126),(312,1,1,90),(312,1,2,74),(312,1,3,96),(312,2,1,100),(312,2,2,82),(312,2,3,98),(312,3,1,90),(312,3,2,82),(312,3,3,88),(313,1,1,100),(313,1,2,100),(313,1,3,100),(313,2,1,100),(313,2,2,100),(313,2,3,100),(313,3,1,100),(313,3,2,100),(313,3,3,100),(314,1,1,98),(314,1,2,102),(314,1,3,98),(314,2,1,94),(314,2,2,100),(314,2,3,96),(314,3,1,98),(314,3,2,100),(314,3,3,100),(315,1,1,72),(315,1,2,56),(315,1,3,84),(315,2,1,76),(315,2,2,64),(315,2,3,80),(315,3,1,72),(315,3,2,64),(315,3,3,76),(316,1,1,94),(316,1,2,100),(316,1,3,95),(316,2,1,87),(316,2,2,97),(316,2,3,91),(316,3,1,94),(316,3,2,97),(316,3,3,98),(317,1,1,105),(317,1,2,95),(317,1,3,105),(317,2,1,115),(317,2,2,100),(317,2,3,110),(317,3,1,105),(317,3,2,100),(317,3,3,100),(318,1,1,125),(318,1,2,141),(318,1,3,114),(318,2,1,120),(318,2,2,133),(318,2,3,117),(318,3,1,125),(318,3,2,133),(318,3,3,122),(319,1,1,116),(319,1,2,126),(319,1,3,109),(319,2,1,113),(319,2,2,121),(319,2,3,111),(319,3,1,116),(319,3,2,121),(319,3,3,114),(320,1,1,100),(320,1,2,100),(320,1,3,100),(320,2,1,100),(320,2,2,100),(320,2,3,100),(320,3,1,100),(320,3,2,100),(320,3,3,100),(321,1,1,106),(321,1,2,118),(321,1,3,102),(321,2,1,98),(321,2,2,112),(321,2,3,100),(321,3,1,106),(321,3,2,112),(321,3,3,108),(322,1,1,70),(322,1,2,52),(322,1,3,83),(322,2,1,75),(322,2,2,61),(322,2,3,79),(322,3,1,70),(322,3,2,61),(322,3,3,74),(323,1,1,106),(323,1,2,124),(323,1,3,101),(323,2,1,93),(323,2,2,115),(323,2,3,97),(323,3,1,106),(323,3,2,115),(323,3,3,110),(324,1,1,127),(324,1,2,139),(324,1,3,116),(324,2,1,126),(324,2,2,133),(324,2,3,121),(324,3,1,127),(324,3,2,133),(324,3,3,122),(325,1,1,111),(325,1,2,113),(325,1,3,107),(325,2,1,113),(325,2,2,112),(325,2,3,110),(325,3,1,111),(325,3,2,112),(325,3,3,108),(326,1,1,96),(326,1,2,86),(326,1,3,99),(326,2,1,103),(326,2,2,91),(326,2,3,101),(326,3,1,96),(326,3,2,91),(326,3,3,94),(327,1,1,96),(327,1,2,92),(327,1,3,98),(327,2,1,98),(327,2,2,94),(327,2,3,98),(327,3,1,96),(327,3,2,94),(327,3,3,96),(328,1,1,106),(328,1,2,118),(328,1,3,102),(328,2,1,98),(328,2,2,112),(328,2,3,100),(328,3,1,106),(328,3,2,112),(328,3,3,108),(329,1,1,100),(329,1,2,112),(329,1,3,98),(329,2,1,90),(329,2,2,106),(329,2,3,94),(329,3,1,100),(329,3,2,106),(329,3,3,104),(330,1,1,70),(330,1,2,52),(330,1,3,83),(330,2,1,75),(330,2,2,61),(330,2,3,79),(330,3,1,70),(330,3,2,61),(330,3,3,74),(331,1,1,109),(331,1,2,91),(331,1,3,109),(331,2,1,119),(331,2,2,100),(331,2,3,112),(331,3,1,107),(331,3,2,98),(331,3,3,100),(332,1,1,103),(332,1,2,85),(332,1,3,105),(332,2,1,111),(332,2,2,94),(332,2,3,106),(332,3,1,101),(332,3,2,92),(332,3,3,96),(333,1,1,106),(333,1,2,94),(333,1,3,106),(333,2,1,110),(333,2,2,100),(333,2,3,106),(333,3,1,104),(333,3,2,98),(333,3,3,100),(334,1,1,100),(334,1,2,88),(334,1,3,102),(334,2,1,102),(334,2,2,94),(334,2,3,100),(334,3,1,98),(334,3,2,92),(334,3,3,96),(335,1,1,106),(335,1,2,106),(335,1,3,104),(335,2,1,100),(335,2,2,106),(335,2,3,100),(335,3,1,104),(335,3,2,104),(335,3,3,104),(336,1,1,110),(336,1,2,120),(336,1,3,105),(336,2,1,97),(336,2,2,115),(336,2,3,99),(336,3,1,108),(336,3,2,113),(336,3,3,110),(337,1,1,102),(337,1,2,104),(337,1,3,101),(337,2,1,93),(337,2,2,103),(337,2,3,95),(337,3,1,100),(337,3,2,101),(337,3,3,102),(338,1,1,109),(338,1,2,91),(338,1,3,109),(338,2,1,119),(338,2,2,100),(338,2,3,112),(338,3,1,107),(338,3,2,98),(338,3,3,100),(339,1,1,131),(339,1,2,141),(339,1,3,119),(339,2,1,125),(339,2,2,136),(339,2,3,120),(339,3,1,129),(339,3,2,134),(339,3,3,124),(340,1,1,128),(340,1,2,138),(340,1,3,117),(340,2,1,121),(340,2,2,133),(340,2,3,117),(340,3,1,126),(340,3,2,131),(340,3,3,122),(341,1,1,90),(341,1,2,68),(341,1,3,97),(341,2,1,97),(341,2,2,79),(341,2,3,95),(341,3,1,88),(341,3,2,77),(341,3,3,86),(342,1,1,86),(342,1,2,66),(342,1,3,94),(342,2,1,90),(342,2,2,76),(342,2,3,90),(342,3,1,84),(342,3,2,74),(342,3,3,84),(343,1,1,98),(343,1,2,96),(343,1,3,99),(343,2,1,91),(343,2,2,97),(343,2,3,93),(343,3,1,96),(343,3,2,95),(343,3,3,98),(344,1,1,94),(344,1,2,88),(344,1,3,97),(344,2,1,89),(344,2,2,91),(344,2,3,91),(344,3,1,92),(344,3,2,89),(344,3,3,94),(345,1,1,125),(345,1,2,123),(345,1,3,117),(345,2,1,127),(345,2,2,124),(345,2,3,120),(345,3,1,123),(345,3,2,122),(345,3,3,116),(346,1,1,113),(346,1,2,105),(346,1,3,110),(346,2,1,116),(346,2,2,109),(346,2,3,111),(346,3,1,111),(346,3,2,107),(346,3,3,106),(347,1,1,132),(347,1,2,146),(347,1,3,119),(347,2,1,123),(347,2,2,139),(347,2,3,119),(347,3,1,130),(347,3,2,137),(347,3,3,126),(348,1,1,100),(348,1,2,88),(348,1,3,102),(348,2,1,102),(348,2,2,94),(348,2,3,100),(348,3,1,98),(348,3,2,92),(348,3,3,96),(349,1,1,114),(349,1,2,122),(349,1,3,108),(349,2,1,104),(349,2,2,118),(349,2,3,104),(349,3,1,112),(349,3,2,116),(349,3,3,112),(350,1,1,116),(350,1,2,132),(350,1,3,108),(350,2,1,100),(350,2,2,124),(350,2,3,102),(350,3,1,114),(350,3,2,122),(350,3,3,116),(351,1,1,78),(351,1,2,56),(351,1,3,89),(351,2,1,81),(351,2,2,67),(351,2,3,83),(351,3,1,76),(351,3,2,65),(351,3,3,78),(352,1,1,137),(352,1,2,147),(352,1,3,123),(352,2,1,133),(352,2,2,142),(352,2,3,126),(352,3,1,135),(352,3,2,140),(352,3,3,128),(353,1,1,105),(353,1,2,89),(353,1,3,106),(353,2,1,112),(353,2,2,97),(353,2,3,107),(353,3,1,103),(353,3,2,95),(353,3,3,98),(354,1,1,130),(354,1,2,142),(354,1,3,118),(354,2,1,122),(354,2,2,136),(354,2,3,118),(354,3,1,128),(354,3,2,134),(354,3,3,124),(355,1,1,124),(355,1,2,136),(355,1,3,114),(355,2,1,114),(355,2,2,130),(355,2,3,112),(355,3,1,122),(355,3,2,128),(355,3,3,120),(356,1,1,86),(356,1,2,66),(356,1,3,94),(356,2,1,90),(356,2,2,76),(356,2,3,90),(356,3,1,84),(356,3,2,74),(356,3,3,84),(357,1,1,94),(357,1,2,88),(357,1,3,97),(357,2,1,89),(357,2,2,91),(357,2,3,91),(357,3,1,92),(357,3,2,89),(357,3,3,94),(358,1,1,92),(358,1,2,84),(358,1,3,96),(358,2,1,88),(358,2,2,88),(358,2,3,90),(358,3,1,90),(358,3,2,86),(358,3,3,92),(359,1,1,105),(359,1,2,83),(359,1,3,107),(359,2,1,117),(359,2,2,94),(359,2,3,110),(359,3,1,103),(359,3,2,92),(359,3,3,96),(360,1,1,113),(360,1,2,105),(360,1,3,110),(360,2,1,116),(360,2,2,109),(360,2,3,111),(360,3,1,111),(360,3,2,107),(360,3,3,106);
/*!40000 ALTER TABLE `sellrecord` ENABLE KEYS */;
UNLOCK TABLES;
/*!40103 SET TIME_ZONE=@OLD_TIME_ZONE */;

/*!40101 SET SQL_MODE=@OLD_SQL_MODE */;
/*!40014 SET FOREIGN_KEY_CHECKS=@OLD_FOREIGN_KEY_CHECKS */;
/*!40014 SET UNIQUE_CHECKS=@OLD_UNIQUE_CHECKS */;
/*!40101 SET CHARACTER_SET_CLIENT=@OLD_CHARACTER_SET_CLIENT */;
/*!40101 SET CHARACTER_SET_RESULTS=@OLD_CHARACTER_SET_RESULTS */;
/*!40101 SET COLLATION_CONNECTION=@OLD_COLLATION_CONNECTION */;
/*!40111 SET SQL_NOTES=@OLD_SQL_NOTES */;

-- Dump completed on 2020-12-15 22:21:55
